[
    {
      "title": "Comida",
      "imgURL": "https://firebasestorage.googleapis.com/v0/b/emprendo-1c101.firebasestorage.app/o/categorias%2FcategoriaComida.jpg?alt=media&token=dc70ec28-a869-4aa3-869f-5faaaf77846c"
    },
    {
      "title": "Calzado",
      "imgURL": "https://firebasestorage.googleapis.com/v0/b/emprendo-1c101.firebasestorage.app/o/categorias%2FcateogiraCalzado.jpg?alt=media&token=60c9956f-72a6-492e-b79b-a474fe392e2f"
    },
    {
      "title": "Tecnología",
      "imgURL": "https://firebasestorage.googleapis.com/v0/b/emprendo-1c101.firebasestorage.app/o/categorias%2FcategoriaTecnologia.jpg?alt=media&token=745995ee-3ef0-4a6a-a81b-190a7a6b2c17"
    },
    {
      "title": "Joyeria",
      "imgURL": "https://firebasestorage.googleapis.com/v0/b/emprendo-1c101.firebasestorage.app/o/categorias%2FcategoriaJoyeria.webp?alt=media&token=27342ea3-0ecd-4b9e-85a8-e23318fe9fc2"
    },
    {
      "title": "Hogar",
      "imgURL": "https://firebasestorage.googleapis.com/v0/b/emprendo-1c101.firebasestorage.app/o/categorias%2FcategoriaHogar.jpg?alt=media&token=b7659c59-6b3b-4578-8f8d-084d5e0e44d6"
    },
    {
      "title": "Deportes",
      "imgURL": "https://firebasestorage.googleapis.com/v0/b/emprendo-1c101.firebasestorage.app/o/categorias%2FcategoriaDeportes.png?alt=media&token=f56aa38f-cf8b-4b5b-ab67-1cc495907b8e"
    },
    {
      "title": "Electrodomésticos",
      "imgURL": "https://firebasestorage.googleapis.com/v0/b/emprendo-1c101.firebasestorage.app/o/categorias%2FcategoriaElectrodomesticos.jpg?alt=media&token=8bcd6295-ad53-453b-902a-aba4f427a364"
    },
    {
      "title": "Muebles",
      "imgURL": "https://firebasestorage.googleapis.com/v0/b/emprendo-1c101.firebasestorage.app/o/categorias%2FcategoriaMuebles.jpg?alt=media&token=83565fdd-6b37-47d7-9c9f-de78dcad72e3"
    },
    {
      "title": "Ropa",
      "imgURL": "https://firebasestorage.googleapis.com/v0/b/emprendo-1c101.firebasestorage.app/o/categorias%2FcategoriaRopa.jpg?alt=media&token=b5cc0843-57ae-44f8-957d-7556e321a918"
    },
    {
      "title": "Cosméticos",
      "imgURL": "https://firebasestorage.googleapis.com/v0/b/emprendo-1c101.firebasestorage.app/o/categorias%2FcategoriaCosmeticos.jpg?alt=media&token=c019cf7d-a174-4813-a439-c0ec2088db45"
    }
  ]
  
  