[
  {
    "category": "Tecnología",
    "name": "Laptop Intel Core",
    "desc": "Descripción",
    "price": 2500
  },
  {
    "category": "Tecnología",
    "name": "Samsung Galaxy Z Flip 6",
    "desc": "Descripción",
    "imgURL": "https://http2.mlstatic.com/D_NQ_NP_887156-MPE78166559024_082024-O.webp",
    "price": 2100
  },
  {
    "category": "Tecnología",
    "name": "iPhone 15 Pro Max",
    "desc": "Descripción",
    "imgURL": "https://tiendasishop.com/media/catalog/product/i/p/iphone_15_pro_max_natural_titanium_pdp_image_position-1__coes.jpg?optimize=high&bg-color=255,255,255&fit=bounds&height=700&width=700&canvas=700:700",
    "price": 4500
  },
  {
    "category": "Calzado",
    "name": "LV TRAINER BLUE",
    "desc": "Descripción",
    "imgURL": "https://goldenstoreperu.com/wp-content/uploads/2024/02/6.png",
    "price": 500
  },
  {
    "category": "Tecnología",
    "name": "Samsung Galaxy Z Flip 6",
    "desc": "Descripción",
    "imgURL": "https://http2.mlstatic.com/D_NQ_NP_887156-MPE78166559024_082024-O.webp",
    "price": 2100
  },
  {
    "category": "Tecnología",
    "name": "iPhone 15 Pro Max",
    "desc": "Descripción",
    "imgURL": "https://tiendasishop.com/media/catalog/product/i/p/iphone_15_pro_max_natural_titanium_pdp_image_position-1__coes.jpg?optimize=high&bg-color=255,255,255&fit=bounds&height=700&width=700&canvas=700:700",
    "price": 4500
  },
  {
    "category": "Calzado",
    "name": "LV TRAINER BLUE",
    "desc": "Descripción",
    "imgURL": "https://goldenstoreperu.com/wp-content/uploads/2024/02/6.png",
    "price": 500
  },
  {
    "category": "Tecnología",
    "name": "Samsung Galaxy Z Flip 6",
    "desc": "Descripción",
    "imgURL": "https://http2.mlstatic.com/D_NQ_NP_887156-MPE78166559024_082024-O.webp",
    "price": 2100
  },
  {
    "category": "Tecnología",
    "name": "iPhone 15 Pro Max",
    "desc": "Descripción",
    "imgURL": "https://tiendasishop.com/media/catalog/product/i/p/iphone_15_pro_max_natural_titanium_pdp_image_position-1__coes.jpg?optimize=high&bg-color=255,255,255&fit=bounds&height=700&width=700&canvas=700:700",
    "price": 4500
  },
  {
    "category": "Calzado",
    "name": "LV TRAINER BLUE",
    "desc": "Descripción",
    "imgURL": "https://goldenstoreperu.com/wp-content/uploads/2024/02/6.png",
    "price": 500
  }
]
